<?xml version="1.0" encoding="UTF-8"?>
<metadata xml:lang="en"><Esri><CreaDate>20200501</CreaDate><CreaTime>11520300</CreaTime><ArcGISFormat>1.0</ArcGISFormat><SyncOnce>TRUE</SyncOnce><DataProperties><lineage><Process ToolSource="c:\program files\arcgis\pro\Resources\ArcToolbox\toolboxes\Spatial Analyst Tools.tbx\RegionGroup" Date="20200501" Time="115203">RegionGroup predicted_class.tif C:\Users\amaxwel6\Dropbox\ABGSL\fuzzy_assessment\manuscript\cwghtAcc\predicted_id.tif Eight Within ADD_LINK #</Process></lineage></DataProperties></Esri></metadata>
