<PAMDataset>
  <PAMRasterBand band="1">
    <Histograms>
      <HistItem>
        <HistMin>1</HistMin>
        <HistMax>17</HistMax>
        <BucketCount>256</BucketCount>
        <IncludeOutOfRange>1</IncludeOutOfRange>
        <Approximate>0</Approximate>
        <HistCounts>72767|0|0|0|0|0|0|0|0|0|0|0|0|0|0|35711|0|0|0|0|0|0|0|0|0|0|0|0|0|0|0|18291|0|0|0|0|0|0|0|0|0|0|0|0|0|0|0|132841|0|0|0|0|0|0|0|0|0|0|0|0|0|0|0|29869|0|0|0|0|0|0|0|0|0|0|0|0|0|0|0|67856|0|0|0|0|0|0|0|0|0|0|0|0|0|0|0|125648|0|0|0|0|0|0|0|0|0|0|0|0|0|0|0|38197|0|0|0|0|0|0|0|0|0|0|0|0|0|0|0|21145|0|0|0|0|0|0|0|0|0|0|0|0|0|0|0|38978|0|0|0|0|0|0|0|0|0|0|0|0|0|0|0|43449|0|0|0|0|0|0|0|0|0|0|0|0|0|0|0|15665|0|0|0|0|0|0|0|0|0|0|0|0|0|0|0|20808|0|0|0|0|0|0|0|0|0|0|0|0|0|0|0|48710|0|0|0|0|0|0|0|0|0|0|0|0|0|0|0|17943|0|0|0|0|0|0|0|0|0|0|0|0|0|0|0|44463|0|0|0|0|0|0|0|0|0|0|0|0|0|0|0|14585</HistCounts>
      </HistItem>
    </Histograms>
    <Metadata>
      <MDI key="STATISTICS_MAXIMUM">17</MDI>
      <MDI key="STATISTICS_MEAN">7.4962131127958</MDI>
      <MDI key="STATISTICS_MINIMUM">1</MDI>
      <MDI key="STATISTICS_SKIPFACTORX">1</MDI>
      <MDI key="STATISTICS_SKIPFACTORY">1</MDI>
      <MDI key="STATISTICS_STDDEV">4.4948534021559</MDI>
    </Metadata>
  </PAMRasterBand>
</PAMDataset>
