<?xml version="1.0" encoding="UTF-8"?>
<metadata xml:lang="en"><Esri><CreaDate>20200501</CreaDate><CreaTime>11472000</CreaTime><ArcGISFormat>1.0</ArcGISFormat><SyncOnce>TRUE</SyncOnce><DataProperties><lineage><Process ToolSource="c:\program files\arcgis\pro\Resources\ArcToolbox\toolboxes\Conversion Tools.tbx\PolygonToRaster" Date="20200501" Time="114720">PolygonToRaster predicted_shapes class C:\Users\amaxwel6\Dropbox\ABGSL\fuzzy_assessment\manuscript\cwghtAcc\predicted_class.tif "Cell center" NONE C:\Users\amaxwel6\Dropbox\ABGSL\fuzzy_assessment\manuscript\cwghtAcc\raster_mask.tif</Process></lineage></DataProperties></Esri></metadata>
