<PAMDataset>
  <PAMRasterBand band="1">
    <Histograms>
      <HistItem>
        <HistMin>1</HistMin>
        <HistMax>17</HistMax>
        <BucketCount>256</BucketCount>
        <IncludeOutOfRange>1</IncludeOutOfRange>
        <Approximate>0</Approximate>
        <HistCounts>75758|0|0|0|0|0|0|0|0|0|0|0|0|0|0|37941|0|0|0|0|0|0|0|0|0|0|0|0|0|0|0|20767|0|0|0|0|0|0|0|0|0|0|0|0|0|0|0|29546|0|0|0|0|0|0|0|0|0|0|0|0|0|0|0|140619|0|0|0|0|0|0|0|0|0|0|0|0|0|0|0|67663|0|0|0|0|0|0|0|0|0|0|0|0|0|0|0|128670|0|0|0|0|0|0|0|0|0|0|0|0|0|0|0|46230|0|0|0|0|0|0|0|0|0|0|0|0|0|0|0|21041|0|0|0|0|0|0|0|0|0|0|0|0|0|0|0|49583|0|0|0|0|0|0|0|0|0|0|0|0|0|0|0|52538|0|0|0|0|0|0|0|0|0|0|0|0|0|0|0|20755|0|0|0|0|0|0|0|0|0|0|0|0|0|0|0|20808|0|0|0|0|0|0|0|0|0|0|0|0|0|0|0|51958|0|0|0|0|0|0|0|0|0|0|0|0|0|0|0|53539|0|0|0|0|0|0|0|0|0|0|0|0|0|0|0|16761|0|0|0|0|0|0|0|0|0|0|0|0|0|0|0|30066</HistCounts>
      </HistItem>
    </Histograms>
    <Metadata>
      <MDI key="STATISTICS_MAXIMUM">17</MDI>
      <MDI key="STATISTICS_MEAN">7.8730218237231</MDI>
      <MDI key="STATISTICS_MINIMUM">1</MDI>
      <MDI key="STATISTICS_SKIPFACTORX">1</MDI>
      <MDI key="STATISTICS_SKIPFACTORY">1</MDI>
      <MDI key="STATISTICS_STDDEV">4.4698703681783</MDI>
    </Metadata>
  </PAMRasterBand>
</PAMDataset>
