<?xml version="1.0" encoding="UTF-8"?>
<metadata xml:lang="en"><Esri><CreaDate>20200501</CreaDate><CreaTime>11505900</CreaTime><ArcGISFormat>1.0</ArcGISFormat><SyncOnce>TRUE</SyncOnce><DataProperties><lineage><Process ToolSource="c:\program files\arcgis\pro\Resources\ArcToolbox\toolboxes\Spatial Analyst Tools.tbx\RegionGroup" Date="20200501" Time="115059">RegionGroup reference_class.tif C:\Users\amaxwel6\Dropbox\ABGSL\fuzzy_assessment\manuscript\cwghtAcc\reference_id.tif Four Within ADD_LINK #</Process></lineage></DataProperties></Esri></metadata>
